{"overall": {"sentiment": -0.4340061291345239, "counts": {"positive": 2449, "negative": 10663, "neutral": 5814}}, "health": {"sentiment": -0.3254945875326614, "counts": {"positive": 390, "negative": 1262, "neutral": 1027}}, "manpower": {"sentiment": -0.4645922746781116, "counts": {"positive": 88, "negative": 521, "neutral": 323}}, "education": {"sentiment": -0.09879032258064516, "counts": {"positive": 166, "negative": 215, "neutral": 115}}, "others": {"sentiment": -0.46291922531884744, "counts": {"positive": 1805, "negative": 8665, "neutral": 4349}}}