{"overall": {"sentiment": -0.40889216966668557, "counts": {"positive": 2524, "negative": 9725, "neutral": 5362}}, "health": {"sentiment": -0.28517999064983635, "counts": {"positive": 391, "negative": 1001, "neutral": 747}}, "manpower": {"sentiment": -0.5190476190476191, "counts": {"positive": 75, "negative": 511, "neutral": 254}}, "education": {"sentiment": -0.10602910602910603, "counts": {"positive": 160, "negative": 211, "neutral": 110}}, "others": {"sentiment": -0.43134760794290156, "counts": {"positive": 1898, "negative": 8002, "neutral": 4251}}}