{"overall": {"sentiment": -0.2878127881466408, "counts": {"positive": 6379, "negative": 15431, "neutral": 9641}}, "health": {"sentiment": 0.021218961625282168, "counts": {"positive": 2470, "negative": 2329, "neutral": 1846}}, "manpower": {"sentiment": -0.408203125, "counts": {"positive": 125, "negative": 543, "neutral": 356}}, "education": {"sentiment": -0.0266497461928934, "counts": {"positive": 294, "negative": 315, "neutral": 179}}, "others": {"sentiment": -0.38070801078542227, "counts": {"positive": 3490, "negative": 12244, "neutral": 7260}}}